{"wiki-sync.sh": [1781689853.5658438, 2163], "osrs-botting-guide.md": [1781697790.0439236, 2576], "autocommit.sh": [1781693995.5362358, 1019], "rtm-farming-analysis-2025-2026.md": [1781697790.0456276, 1757], ".lightrag-track.json": [1781689853.5520775, 18775], "ingest.py": [1781689853.5635538, 9432], ".autosync-state.json": [1781895166.5667582, 9551], "Hermes-report.md": [1781697790.0241153, 2935], "wiki-graph.html": [1781697790.0460334, 18770], "wiki-pull.sh": [1781694366.130357, 184], ".DS_Store": [1781704997.1981575, 8196], "autosync.py": [1781895131.2901099, 3361], "test-autosync.md": [1781895149.2427168, 43], "wiki-autosync.sh": [1781689853.565595, 4570], "wiki-topics.json": [1781689853.5659232, 546], "deleted-Belfort-status-report.md": [1781697790.0425136, 473], "sync.log": [1781689853.56534, 48295], "rag_helper.py": [1781689853.5649977, 4754], "wiki-sync.py": [1781689853.5657701, 2712], "log.md": [1781697790.0434585, 4475], ".gitignore": [1781689853.5518138, 200], "index.md": [1781697302.0628226, 847], "lightrag-client.py": [1781689853.5636292, 2406], "expvseprosto-posts.md": [1781697790.0430274, 2064], "lightrag_client.py": [1781689853.5637, 2406], "wiki-linker.py": [1781689853.5656905, 2173], "CLAUDE.md": [1781689853.552986, 2255], "tools/account-automation-toolkit.md": [1781697790.0458179, 4475], "deploy/marketing-tools-deployment.md": [1781697790.0427742, 2760], "projects/smarthelper-upgrade-plan.md": [1781697790.0450764, 4498], "projects/smarthelper-competitor-analysis.md": [1781697790.0446703, 4765], "projects/Projects.md": [1781697790.0442967, 1070], "projects/smarthelper-questionnaire.md": [1781697790.0448666, 5763], "projects/newsletter-apology.md": [1781697790.0444767, 2642], "projects/modules/onboarding.js": [1781689853.5644507, 17272], "projects/modules/bot-core.js": [1781689853.564251, 7428], "projects/modules/grace-period.js": [1781689853.5643451, 4787], "projects/modules/referral.js": [1781689853.5645561, 6690], ".obsidian/workspace.json": [1781895150.2576609, 5812], ".obsidian/app.json": [1781894378.364599, 2], ".obsidian/core-plugins.json": [1781894377.9206233, 697], ".obsidian/graph.json": [1781894379.645999, 510], ".obsidian/appearance.json": [1781894378.3652985, 2], "agents/Sinabon.md": [1781697790.0421991, 1261], "agents/Belfort.md": [1781697790.040487, 1438], "agents/Tsilya.md": [1781697790.04236, 1761], "agents/Gost.md": [1781697790.040919, 1307], "agents/Bishop.md": [1781697790.040638, 958], "agents/Shadow.md": [1781697790.0419166, 1643], "agents/Hermes.md": [1781697790.041135, 2008], "agents/Paladin.md": [1781697790.0416493, 1251], "agents/Jarvis.md": [1781697790.0413787, 1927], "__pycache__/rag_helper.cpython-314.pyc": [1781689853.553664, 7903], "__pycache__/wiki-sync.cpython-314.pyc": [1781689853.5537782, 4782], "__pycache__/lightrag_client.cpython-314.pyc": [1781689853.5535505, 4960], "__pycache__/ingest.cpython-314.pyc": [1781689853.5534441, 16258], "notes/books-to-remind.md": [1781697790.0436246, 577], "agent-notes/reboot-access.md": [1781697790.039257, 769], "agent-notes/hermes_graph.py": [1781689853.5565856, 6754], "agent-notes/hermes-strategy-belfort.md": [1781697790.0260694, 1830], "agent-notes/hermes-system-belfort.md": [1781697790.0292594, 5494], "agent-notes/hermes-system-gost.md": [1781697790.0296502, 4333], "agent-notes/hermes-strategy-jarvis.md": [1781697790.0272377, 1623], "agent-notes/hermes-system-overview.md": [1781697790.0309994, 8170], "agent-notes/utro-statya-16-06.md": [1781697790.0401325, 4846], "agent-notes/hermes-system-jarvis.md": [1781697790.0301185, 7303], "agent-notes/hermes-system-sinabon.md": [1781697790.0316436, 5821], "agent-notes/hermes-strategy-sinabon.md": [1781697790.0287306, 1626], "agent-notes/vecher-istoriya-16-06-venoznye-sinusy.md": [1781697790.0403163, 5953], "agent-notes/hermes-system-hermes.md": [1781697790.0298533, 4974], "agent-notes/hermes-system-marketing.md": [1781697790.0307796, 6749], "agent-notes/belfort-final-report-2026-06-15.md": [1781697790.0244582, 3179], "agent-notes/belfort-infrastructure.md": [1781697790.0250466, 1808], "agent-notes/model_gateway.py": [1781689853.560076, 15462], "agent-notes/hermes-strategy-tsilya.md": [1781697790.0290084, 1554], "agent-notes/hermes-strategy-bishop.md": [1781697790.0265956, 1335], "agent-notes/router_model.pkl": [1781689853.5612388, 372128], "agent-notes/hermes-strategy-shadow.md": [1781697790.0283337, 1908], "agent-notes/hermes-system-paladin.md": [1781697790.031206, 5751], "agent-notes/hermes-strategy-paladin.md": [1781697790.0276868, 1769], "agent-notes/belfort-portfolio-2026-06-15.md": [1781697790.0253797, 1310], "agent-notes/hermes-strategy-gost.md": [1781697790.026903, 1829], "agent-notes/utro-statya-16-06-venoznye-sinusy-v2.md": [1781697790.039727, 7625], "agent-notes/hermes-system-shadow.md": [1781697790.0314183, 4721], "agent-notes/model_router.py": [1781689853.5601916, 3524], "agent-notes/github-token.md": [1781697790.0256279, 363], "agent-notes/utro-statya-16-06-venoznye-sinusy.md": [1781697790.0399375, 6060], "agent-notes/hermes-system-tsilya.md": [1781697790.0318544, 5911], "agent-notes/hermes-system-bishop.md": [1781697790.0294595, 4037], "agent-notes/memory-sync/belfort.md": [1781697790.03226, 2562], "agent-notes/memory-sync/tsilya.md": [1781697790.0390046, 510], "agent-notes/memory-sync/gost.md": [1781697790.0325367, 19190], "agent-notes/memory-sync/shadow.md": [1781697790.038829, 7921], "agent-notes/memory-sync/README.md": [1781697790.032068, 2912], "agent-notes/memory-sync/hermes.md": [1781697790.032787, 6366], "agent-notes/memory-sync/paladin.md": [1781697790.0332794, 1338], "agent-notes/memory-sync/jarvis.md": [1781697790.0330658, 10148], "agent-notes/memory-sync/sessions/tsilya/IMPORTANT You are running as a scheduled.md": [1781697790.038619, 1276], "agent-notes/memory-sync/sessions/gost/\u041d\u0430\u0439\u0434\u0438 \u0433\u0434\u0435 \u043c\u043e\u0436\u043d\u043e \u0431\u044b\u0441\u0442\u0440\u043e \u043a\u0443\u043f\u0438\u0442\u044c \u0433\u043e\u0442\u043e\u0432\u044b\u0439 Go.md": [1781697790.0358438, 1450], "agent-notes/memory-sync/sessions/gost/\u0411\u0440\u043e \u0443 \u0442\u0435\u0431\u044f \u0438\u0433\u0440\u0430 \u0449\u0430\u0441 \u043d\u0435 \u0437\u0430\u0433\u0440\u0443\u0436\u0435\u043d\u043e \u0443 \u0442\u0435\u0431\u044f.md": [1781697790.0355282, 1162], "agent-notes/memory-sync/sessions/gost/\u0423 \u0442\u0435\u0431\u044f \u0434\u043e\u0441\u0442\u0443\u043f \u043a \u043e\u0431\u0441\u0438\u0434\u0438\u0430\u043d \u0438 \u0440\u0430\u043a \u0441\u0438\u0441\u0442\u0435\u043c\u0435 \u0435.md": [1781697790.0365767, 1205], "agent-notes/memory-sync/sessions/gost/IMPORTANT The user has invoked the albio.md": [1781697790.0352159, 1440], "agent-notes/memory-sync/sessions/gost/\u041d\u0430\u0439\u0434\u0438 \u043a\u0430\u043a \u0440\u0430\u0431\u043e\u0442\u0430\u0435\u0442 Hordesio \u043f\u043e\u0434 \u043a\u0430\u043f\u043e\u0442\u043e\u043c.md": [1781697790.0361621, 1512], "agent-notes/memory-sync/sessions/shadow/Replying to \u0411\u0440\u043e \u0432\u0441\u0451 \u043f\u0440\u043e\u0432\u0435\u0440\u0438\u043b  \u043d\u0435\u0442 GitHub.md": [1781697790.0371563, 2069], "agent-notes/memory-sync/sessions/shadow/\u0418\u0441\u0441\u043b\u0435\u0434\u043e\u0432\u0430\u0442\u044c \u0442\u043e\u043f-5 \u043a\u043e\u043d\u043a\u0443\u0440\u0435\u043d\u0442\u043e\u0432 \u0434\u043b\u044f AI-\u043f\u0440\u043e.md": [1781697790.0382593, 1856], "agent-notes/memory-sync/sessions/shadow/\u0418\u0441\u0441\u043b\u0435\u0434\u043e\u0432\u0430\u0442\u044c \u043c\u0430\u0440\u043a\u0435\u0442\u0438\u043d\u0433\u043e\u0432\u044b\u0435 \u0432\u043e\u0440\u043e\u043d\u043a\u0438 \u0438 UIX.md": [1781697790.0380032, 1724], "agent-notes/memory-sync/sessions/shadow/Search for Telegram bots that are simila.md": [1781697790.0374668, 1197],